campaign_name,spend_inr
MH | TR Free Demo Mumbai- 24,719123.32
AK | Online | July 2025 | Demo,250903.49
MH | Delhi - WhatsApp 300824,184041.06
MH | TR Remarketing Feb-24,167605.9
Videos | Meta Leads | 301025,126320.72
MH Free Demo Jan- 24,119090.73999999999
MH | Generic Lead location – WA,114447.65000000001
MH | TR Free Demo Delhi - 24,113873.63
TR_Dubai Aug,100351.41
MH | TR Free Demo Kolkata- 24,95588.29
ABO |Video | Meta Ads | 5/11/25,92127.09
MH | Generic Campaign 041123,78875.52
ABO | Meta Leads | 241025,67035.97
MH Free Demo Feb- 24,62401.979999999996
TR | Generic | Center Locations,59815.48000000001
ABO - WA Leads - 14/11/25,56342.69
AK | Online | Apr 2025 | IND,55994.15
ABO | WA Leads | 241025,55364.76
ABO WA Leads 15/11/25,54087.76
MH | TR Free Demo Jaipur 24,53010.99999999999
AK | Online | May 2025 | IND,46857.39
Re-Marketing | TR | All Locations,43623.62
AK | Online | Apr 2025 | BAN,43490.92
TR_Mum Lead Gen,40116.93
MH | Chennai Free Demo-24,39339.520000000004
ABO | Video | WA Leads | 5-11-25,38636.05
TR_Remarketing_Sept25,35555.950000000004
Bengaluru TR | Generic March,34980.96
MH | TR Free Demo Bangalore- 24,33780.399999999994
TR_LeadGen_Oct25,33610.77
MH | TR Free Demo Pune- 24,32546.749999999996
AK | Online | June 2025 | Demo,31474.32
TR_Lead Gen Dubai,30314.35
TR | Online campaign,29261.7
MH | Generic Lead Campaign Delhi & PB,27604.850000000002
Videos | WA Leads | 281025,27228.43
MH | TR Free Demo Surat - 24,27005.59
AK | Online | Apr 2025 | Europe,26902.65
MH | WhatsApp Campaign 010724,25948.24
MH | TR Free Demo Delhi-May-24,23351.32
Diwali | WA Leads | 271025,21082.64
TR_Lead Gen Borivali,20858.3
AK | Online | Apr 2025 | AUS,20709.69
ABO - Dubai Meta Leads - 11/11/25,19484.57
Dubai Engagement 9th March,19250.77
Dubai 5th April,18943.78
AK | Online | May 25 | Summer Camp,18847.63
TR_Del Lead Gen,17670.53
MH | Chandigarh Demo -24,16977.75
Delhi | TR | 18th March,14790.18
